run_id,stage_id,model_id,model_role,dataset_role,spike_def_id,target_rate,g,crackling_gamma,crackling_ci_low,crackling_ci_high,crackling_ci_width,n_duration_points,n_avalanches_used,r2,pass,config_hash,code_version
RUN_S05_ae9d76afcc57,PHASE5_ANALYZE_AND_EXPORT,D:\models\Qwen2.5-7B-Instruct,INSTRUCT,A,SPIKE_ONE_SIDED_POS,1e-05,0.7,1.7451116595886766,1.6313717902123543,1.8771259788619816,0.24575418864962728,15,2969,0.9695561762792549,True,d7513f37dfef6ac197df439f23d61891c0289288c4ddd47c86137d9e5c59fbbe,no_git_metadata
RUN_S05_ae9d76afcc57,PHASE5_ANALYZE_AND_EXPORT,D:\models\Qwen2.5-7B-Instruct,INSTRUCT,A,SPIKE_ONE_SIDED_POS,1e-05,0.8,1.7179229440195098,1.630490328482088,1.8962006041123618,0.26571027563027383,15,2911,0.9434990492073619,True,d7513f37dfef6ac197df439f23d61891c0289288c4ddd47c86137d9e5c59fbbe,no_git_metadata
RUN_S05_ae9d76afcc57,PHASE5_ANALYZE_AND_EXPORT,D:\models\Qwen2.5-7B-Instruct,INSTRUCT,A,SPIKE_ONE_SIDED_POS,1e-05,0.85,1.8135081379643663,1.6630194193787924,1.9120724521472179,0.2490530327684255,14,2856,0.9699668393615821,True,d7513f37dfef6ac197df439f23d61891c0289288c4ddd47c86137d9e5c59fbbe,no_git_metadata
RUN_S05_ae9d76afcc57,PHASE5_ANALYZE_AND_EXPORT,D:\models\Qwen2.5-7B-Instruct,INSTRUCT,A,SPIKE_ONE_SIDED_POS,1e-05,0.9,1.7930734154645784,1.6017573982871502,1.9533110839532226,0.35155368566607237,14,2801,0.9301305370814335,True,d7513f37dfef6ac197df439f23d61891c0289288c4ddd47c86137d9e5c59fbbe,no_git_metadata
RUN_S05_ae9d76afcc57,PHASE5_ANALYZE_AND_EXPORT,D:\models\Qwen2.5-7B-Instruct,INSTRUCT,A,SPIKE_ONE_SIDED_POS,1e-05,0.95,1.7924961255767262,1.6315750915725906,1.9034627559411363,0.2718876643685457,13,2756,0.9695105410362791,True,d7513f37dfef6ac197df439f23d61891c0289288c4ddd47c86137d9e5c59fbbe,no_git_metadata
RUN_S05_ae9d76afcc57,PHASE5_ANALYZE_AND_EXPORT,D:\models\Qwen2.5-7B-Instruct,INSTRUCT,A,SPIKE_ONE_SIDED_POS,1e-05,1.0,1.6861514206743353,1.5681438613445275,1.89695439345558,0.3288105321110524,15,2719,0.9422774004869902,True,d7513f37dfef6ac197df439f23d61891c0289288c4ddd47c86137d9e5c59fbbe,no_git_metadata
RUN_S05_ae9d76afcc57,PHASE5_ANALYZE_AND_EXPORT,D:\models\Qwen2.5-7B-Instruct,INSTRUCT,A,SPIKE_ONE_SIDED_POS,1e-05,1.05,1.6816496382712454,1.5593688586216201,1.9117601768192092,0.35239131819758907,14,2701,0.9565357444912848,True,d7513f37dfef6ac197df439f23d61891c0289288c4ddd47c86137d9e5c59fbbe,no_git_metadata
RUN_S05_ae9d76afcc57,PHASE5_ANALYZE_AND_EXPORT,D:\models\Qwen2.5-7B-Instruct,INSTRUCT,A,SPIKE_ONE_SIDED_POS,1e-05,1.1,1.6323902308945926,1.471351401896861,1.8587655923240158,0.38741419042715486,14,2685,0.9491252501903473,True,d7513f37dfef6ac197df439f23d61891c0289288c4ddd47c86137d9e5c59fbbe,no_git_metadata
RUN_S05_ae9d76afcc57,PHASE5_ANALYZE_AND_EXPORT,D:\models\Qwen2.5-7B-Instruct,INSTRUCT,A,SPIKE_ONE_SIDED_POS,1e-05,1.15,1.7024982071107742,1.4792695557304205,1.8339026802827423,0.35463312455232177,14,2707,0.9697454949116566,True,d7513f37dfef6ac197df439f23d61891c0289288c4ddd47c86137d9e5c59fbbe,no_git_metadata
RUN_S05_ae9d76afcc57,PHASE5_ANALYZE_AND_EXPORT,D:\models\Qwen2.5-7B-Instruct,INSTRUCT,A,SPIKE_ONE_SIDED_POS,1e-05,1.2,1.72975383998128,1.5905697908030254,1.8575469086612189,0.26697711785819345,13,2653,0.9752479977539084,True,d7513f37dfef6ac197df439f23d61891c0289288c4ddd47c86137d9e5c59fbbe,no_git_metadata
RUN_S05_ae9d76afcc57,PHASE5_ANALYZE_AND_EXPORT,D:\models\Qwen2.5-7B-Instruct,INSTRUCT,A,SPIKE_ONE_SIDED_POS,1e-05,1.3,1.702422096053076,1.5737901914915255,1.8465504466362415,0.2727602551447159,13,2606,0.9773421151400864,True,d7513f37dfef6ac197df439f23d61891c0289288c4ddd47c86137d9e5c59fbbe,no_git_metadata
RUN_S05_ae9d76afcc57,PHASE5_ANALYZE_AND_EXPORT,D:\models\Qwen2.5-7B-Instruct,INSTRUCT,A,SPIKE_ONE_SIDED_POS,2e-05,0.7,1.7256184530491712,1.648705413973626,1.8347103918074865,0.1860049778338606,25,5095,0.9807852094453229,True,d7513f37dfef6ac197df439f23d61891c0289288c4ddd47c86137d9e5c59fbbe,no_git_metadata
RUN_S05_ae9d76afcc57,PHASE5_ANALYZE_AND_EXPORT,D:\models\Qwen2.5-7B-Instruct,INSTRUCT,A,SPIKE_ONE_SIDED_POS,2e-05,0.8,1.7293595522383889,1.650093717344248,1.8177302353812168,0.16763651803696877,27,5059,0.9723983432003224,True,d7513f37dfef6ac197df439f23d61891c0289288c4ddd47c86137d9e5c59fbbe,no_git_metadata
RUN_S05_ae9d76afcc57,PHASE5_ANALYZE_AND_EXPORT,D:\models\Qwen2.5-7B-Instruct,INSTRUCT,A,SPIKE_ONE_SIDED_POS,2e-05,0.85,1.7508800680537433,1.6864687855114673,1.816842716353813,0.13037393084234572,26,5064,0.9810095821869714,True,d7513f37dfef6ac197df439f23d61891c0289288c4ddd47c86137d9e5c59fbbe,no_git_metadata
RUN_S05_ae9d76afcc57,PHASE5_ANALYZE_AND_EXPORT,D:\models\Qwen2.5-7B-Instruct,INSTRUCT,A,SPIKE_ONE_SIDED_POS,2e-05,0.9,1.7084307899283655,1.634523477178775,1.8060198228134148,0.17149634563463967,27,5030,0.9425842027337715,True,d7513f37dfef6ac197df439f23d61891c0289288c4ddd47c86137d9e5c59fbbe,no_git_metadata
RUN_S05_ae9d76afcc57,PHASE5_ANALYZE_AND_EXPORT,D:\models\Qwen2.5-7B-Instruct,INSTRUCT,A,SPIKE_ONE_SIDED_POS,2e-05,0.95,1.5979226735515923,1.5325980652290474,1.8063736911030253,0.27377562587397786,25,5031,0.9055794766473011,True,d7513f37dfef6ac197df439f23d61891c0289288c4ddd47c86137d9e5c59fbbe,no_git_metadata
RUN_S05_ae9d76afcc57,PHASE5_ANALYZE_AND_EXPORT,D:\models\Qwen2.5-7B-Instruct,INSTRUCT,A,SPIKE_ONE_SIDED_POS,2e-05,1.0,1.6132858242379566,1.5257578496835682,1.8321407344033873,0.3063828847198191,25,4995,0.901597520388992,True,d7513f37dfef6ac197df439f23d61891c0289288c4ddd47c86137d9e5c59fbbe,no_git_metadata
RUN_S05_ae9d76afcc57,PHASE5_ANALYZE_AND_EXPORT,D:\models\Qwen2.5-7B-Instruct,INSTRUCT,A,SPIKE_ONE_SIDED_POS,2e-05,1.05,1.6699376276744913,1.5894995487010395,1.8464562088039684,0.25695666010292895,25,4986,0.9318972138982085,True,d7513f37dfef6ac197df439f23d61891c0289288c4ddd47c86137d9e5c59fbbe,no_git_metadata
RUN_S05_ae9d76afcc57,PHASE5_ANALYZE_AND_EXPORT,D:\models\Qwen2.5-7B-Instruct,INSTRUCT,A,SPIKE_ONE_SIDED_POS,2e-05,1.1,1.685974343002982,1.6089692013464871,1.8447451037418547,0.2357759023953676,24,4978,0.9322677766218498,True,d7513f37dfef6ac197df439f23d61891c0289288c4ddd47c86137d9e5c59fbbe,no_git_metadata
RUN_S05_ae9d76afcc57,PHASE5_ANALYZE_AND_EXPORT,D:\models\Qwen2.5-7B-Instruct,INSTRUCT,A,SPIKE_ONE_SIDED_POS,2e-05,1.15,1.7291258250661843,1.624016167226561,1.8200090153637827,0.19599284813722173,23,5005,0.9710319523422656,True,d7513f37dfef6ac197df439f23d61891c0289288c4ddd47c86137d9e5c59fbbe,no_git_metadata
RUN_S05_ae9d76afcc57,PHASE5_ANALYZE_AND_EXPORT,D:\models\Qwen2.5-7B-Instruct,INSTRUCT,A,SPIKE_ONE_SIDED_POS,2e-05,1.2,1.5653232204017906,1.5031614791563594,1.7616933828645784,0.258531903708219,23,4994,0.9130784516151644,True,d7513f37dfef6ac197df439f23d61891c0289288c4ddd47c86137d9e5c59fbbe,no_git_metadata
RUN_S05_ae9d76afcc57,PHASE5_ANALYZE_AND_EXPORT,D:\models\Qwen2.5-7B-Instruct,INSTRUCT,A,SPIKE_ONE_SIDED_POS,2e-05,1.3,1.6848446908839267,1.608484116568573,1.7571079894115926,0.1486238728430196,24,4927,0.9715161470767439,True,d7513f37dfef6ac197df439f23d61891c0289288c4ddd47c86137d9e5c59fbbe,no_git_metadata
RUN_S05_ae9d76afcc57,PHASE5_ANALYZE_AND_EXPORT,D:\models\Qwen2.5-7B-Instruct,INSTRUCT,A,SPIKE_ONE_SIDED_POS,4e-05,0.7,1.6524339659947518,1.6162401029102544,1.7110696258618034,0.094829522951549,49,5081,0.9670660593230351,True,d7513f37dfef6ac197df439f23d61891c0289288c4ddd47c86137d9e5c59fbbe,no_git_metadata
RUN_S05_ae9d76afcc57,PHASE5_ANALYZE_AND_EXPORT,D:\models\Qwen2.5-7B-Instruct,INSTRUCT,A,SPIKE_ONE_SIDED_POS,4e-05,0.8,1.6838189088530928,1.6495826024922984,1.743625612548515,0.09404301005621662,44,5066,0.9843673904428291,True,d7513f37dfef6ac197df439f23d61891c0289288c4ddd47c86137d9e5c59fbbe,no_git_metadata
RUN_S05_ae9d76afcc57,PHASE5_ANALYZE_AND_EXPORT,D:\models\Qwen2.5-7B-Instruct,INSTRUCT,A,SPIKE_ONE_SIDED_POS,4e-05,0.85,1.6747679574626095,1.6533361790667747,1.7378119964412448,0.08447581737447019,45,5049,0.9810701250852785,True,d7513f37dfef6ac197df439f23d61891c0289288c4ddd47c86137d9e5c59fbbe,no_git_metadata
RUN_S05_ae9d76afcc57,PHASE5_ANALYZE_AND_EXPORT,D:\models\Qwen2.5-7B-Instruct,INSTRUCT,A,SPIKE_ONE_SIDED_POS,4e-05,0.9,1.6833282328428736,1.656621642480097,1.737445206146451,0.0808235636663539,47,5092,0.9748272972306589,True,d7513f37dfef6ac197df439f23d61891c0289288c4ddd47c86137d9e5c59fbbe,no_git_metadata
RUN_S05_ae9d76afcc57,PHASE5_ANALYZE_AND_EXPORT,D:\models\Qwen2.5-7B-Instruct,INSTRUCT,A,SPIKE_ONE_SIDED_POS,4e-05,0.95,1.6393953640764922,1.6155106906640917,1.7223201738690106,0.1068094832049189,47,5114,0.9659529097208853,True,d7513f37dfef6ac197df439f23d61891c0289288c4ddd47c86137d9e5c59fbbe,no_git_metadata
RUN_S05_ae9d76afcc57,PHASE5_ANALYZE_AND_EXPORT,D:\models\Qwen2.5-7B-Instruct,INSTRUCT,A,SPIKE_ONE_SIDED_POS,4e-05,1.0,1.6685714331261188,1.6250868279164332,1.729647600534313,0.10456077261787988,46,5096,0.9809716997977409,True,d7513f37dfef6ac197df439f23d61891c0289288c4ddd47c86137d9e5c59fbbe,no_git_metadata
RUN_S05_ae9d76afcc57,PHASE5_ANALYZE_AND_EXPORT,D:\models\Qwen2.5-7B-Instruct,INSTRUCT,A,SPIKE_ONE_SIDED_POS,4e-05,1.05,1.650113635065773,1.616484451640992,1.7125544726189286,0.0960700209779366,46,5096,0.9664907727386529,True,d7513f37dfef6ac197df439f23d61891c0289288c4ddd47c86137d9e5c59fbbe,no_git_metadata
RUN_S05_ae9d76afcc57,PHASE5_ANALYZE_AND_EXPORT,D:\models\Qwen2.5-7B-Instruct,INSTRUCT,A,SPIKE_ONE_SIDED_POS,4e-05,1.1,1.6018925414641116,1.579027485303026,1.6934800274607946,0.11445254215776868,47,5109,0.96047615335814,True,d7513f37dfef6ac197df439f23d61891c0289288c4ddd47c86137d9e5c59fbbe,no_git_metadata
RUN_S05_ae9d76afcc57,PHASE5_ANALYZE_AND_EXPORT,D:\models\Qwen2.5-7B-Instruct,INSTRUCT,A,SPIKE_ONE_SIDED_POS,4e-05,1.15,1.6239235428841192,1.5990180727850893,1.6934771669203006,0.09445909413521125,48,5180,0.9727296819142245,True,d7513f37dfef6ac197df439f23d61891c0289288c4ddd47c86137d9e5c59fbbe,no_git_metadata
RUN_S05_ae9d76afcc57,PHASE5_ANALYZE_AND_EXPORT,D:\models\Qwen2.5-7B-Instruct,INSTRUCT,A,SPIKE_ONE_SIDED_POS,4e-05,1.2,1.644595805949469,1.6250978031032013,1.6990189638823026,0.07392116077910127,47,5146,0.9755082529253537,True,d7513f37dfef6ac197df439f23d61891c0289288c4ddd47c86137d9e5c59fbbe,no_git_metadata
RUN_S05_ae9d76afcc57,PHASE5_ANALYZE_AND_EXPORT,D:\models\Qwen2.5-7B-Instruct,INSTRUCT,A,SPIKE_ONE_SIDED_POS,4e-05,1.3,1.647317625823647,1.6216224960340258,1.7115119956879947,0.08988949965396897,45,5226,0.9839525332599317,True,d7513f37dfef6ac197df439f23d61891c0289288c4ddd47c86137d9e5c59fbbe,no_git_metadata
RUN_S05_ae9d76afcc57,PHASE5_ANALYZE_AND_EXPORT,D:\models\Qwen2.5-7B-Instruct,INSTRUCT,A,SPIKE_ONE_SIDED_POS,8e-05,0.7,1.6852435494518376,1.6544115287187517,1.7392899107870223,0.08487838206827059,61,2272,0.9562352160454941,True,d7513f37dfef6ac197df439f23d61891c0289288c4ddd47c86137d9e5c59fbbe,no_git_metadata
RUN_S05_ae9d76afcc57,PHASE5_ANALYZE_AND_EXPORT,D:\models\Qwen2.5-7B-Instruct,INSTRUCT,A,SPIKE_ONE_SIDED_POS,8e-05,0.8,1.7359502528693715,1.7091029504586457,1.7882843770133519,0.07918142655470617,59,2371,0.9688423951992421,True,d7513f37dfef6ac197df439f23d61891c0289288c4ddd47c86137d9e5c59fbbe,no_git_metadata
RUN_S05_ae9d76afcc57,PHASE5_ANALYZE_AND_EXPORT,D:\models\Qwen2.5-7B-Instruct,INSTRUCT,A,SPIKE_ONE_SIDED_POS,8e-05,0.85,1.7027598151290968,1.6702877387027126,1.7529463637457456,0.08265862504303301,61,2397,0.965638425984335,True,d7513f37dfef6ac197df439f23d61891c0289288c4ddd47c86137d9e5c59fbbe,no_git_metadata
RUN_S05_ae9d76afcc57,PHASE5_ANALYZE_AND_EXPORT,D:\models\Qwen2.5-7B-Instruct,INSTRUCT,A,SPIKE_ONE_SIDED_POS,8e-05,0.9,1.7246339861327815,1.69034152011956,1.7725420554559452,0.08220053533638527,60,2386,0.9633029060824707,True,d7513f37dfef6ac197df439f23d61891c0289288c4ddd47c86137d9e5c59fbbe,no_git_metadata
RUN_S05_ae9d76afcc57,PHASE5_ANALYZE_AND_EXPORT,D:\models\Qwen2.5-7B-Instruct,INSTRUCT,A,SPIKE_ONE_SIDED_POS,8e-05,0.95,1.7050696373176215,1.6849945353879239,1.7641966293728981,0.07920209398497424,61,2398,0.9602132878721131,True,d7513f37dfef6ac197df439f23d61891c0289288c4ddd47c86137d9e5c59fbbe,no_git_metadata
RUN_S05_ae9d76afcc57,PHASE5_ANALYZE_AND_EXPORT,D:\models\Qwen2.5-7B-Instruct,INSTRUCT,A,SPIKE_ONE_SIDED_POS,8e-05,1.0,1.7169418961948417,1.6884263939631265,1.7738291086734492,0.08540271471032268,62,2420,0.9634588652298157,True,d7513f37dfef6ac197df439f23d61891c0289288c4ddd47c86137d9e5c59fbbe,no_git_metadata
RUN_S05_ae9d76afcc57,PHASE5_ANALYZE_AND_EXPORT,D:\models\Qwen2.5-7B-Instruct,INSTRUCT,A,SPIKE_ONE_SIDED_POS,8e-05,1.05,1.7115731448835902,1.6829810190026735,1.764949797539138,0.08196877853646445,61,2416,0.9639463240643824,True,d7513f37dfef6ac197df439f23d61891c0289288c4ddd47c86137d9e5c59fbbe,no_git_metadata
RUN_S05_ae9d76afcc57,PHASE5_ANALYZE_AND_EXPORT,D:\models\Qwen2.5-7B-Instruct,INSTRUCT,A,SPIKE_ONE_SIDED_POS,8e-05,1.1,1.7087901225480526,1.6775873404793626,1.7540605005437775,0.07647316006441485,62,2466,0.9610370138440525,True,d7513f37dfef6ac197df439f23d61891c0289288c4ddd47c86137d9e5c59fbbe,no_git_metadata
RUN_S05_ae9d76afcc57,PHASE5_ANALYZE_AND_EXPORT,D:\models\Qwen2.5-7B-Instruct,INSTRUCT,A,SPIKE_ONE_SIDED_POS,8e-05,1.15,1.6980789749541518,1.6738041467479075,1.7612960039875145,0.08749185723960706,61,2498,0.9577398832782353,True,d7513f37dfef6ac197df439f23d61891c0289288c4ddd47c86137d9e5c59fbbe,no_git_metadata
RUN_S05_ae9d76afcc57,PHASE5_ANALYZE_AND_EXPORT,D:\models\Qwen2.5-7B-Instruct,INSTRUCT,A,SPIKE_ONE_SIDED_POS,8e-05,1.2,1.7083459968863408,1.6730802408562393,1.7561770737314228,0.08309683287518355,61,2544,0.9554324262237467,True,d7513f37dfef6ac197df439f23d61891c0289288c4ddd47c86137d9e5c59fbbe,no_git_metadata
RUN_S05_ae9d76afcc57,PHASE5_ANALYZE_AND_EXPORT,D:\models\Qwen2.5-7B-Instruct,INSTRUCT,A,SPIKE_ONE_SIDED_POS,8e-05,1.3,1.726659611585499,1.693812618392722,1.7909438114950678,0.09713119310234575,62,2548,0.9618550789570622,True,d7513f37dfef6ac197df439f23d61891c0289288c4ddd47c86137d9e5c59fbbe,no_git_metadata
RUN_S05_ae9d76afcc57,PHASE5_ANALYZE_AND_EXPORT,D:\models\Qwen2.5-7B-Instruct,INSTRUCT,A,SPIKE_TWO_SIDED_ABS,1e-05,0.7,1.7357055454912191,1.6368495672224035,1.8340042093080422,0.1971546420856387,18,2587,0.9450873937698532,True,d7513f37dfef6ac197df439f23d61891c0289288c4ddd47c86137d9e5c59fbbe,no_git_metadata
RUN_S05_ae9d76afcc57,PHASE5_ANALYZE_AND_EXPORT,D:\models\Qwen2.5-7B-Instruct,INSTRUCT,A,SPIKE_TWO_SIDED_ABS,1e-05,0.8,1.7192170842555836,1.58540364044593,1.879287386157895,0.29388374571196496,15,2508,0.9542127720345347,True,d7513f37dfef6ac197df439f23d61891c0289288c4ddd47c86137d9e5c59fbbe,no_git_metadata
RUN_S05_ae9d76afcc57,PHASE5_ANALYZE_AND_EXPORT,D:\models\Qwen2.5-7B-Instruct,INSTRUCT,A,SPIKE_TWO_SIDED_ABS,1e-05,0.85,1.827358625264563,1.6525722373233398,1.9587411022552443,0.30616886493190454,13,2485,0.985540117652386,True,d7513f37dfef6ac197df439f23d61891c0289288c4ddd47c86137d9e5c59fbbe,no_git_metadata
RUN_S05_ae9d76afcc57,PHASE5_ANALYZE_AND_EXPORT,D:\models\Qwen2.5-7B-Instruct,INSTRUCT,A,SPIKE_TWO_SIDED_ABS,1e-05,0.9,1.6456079607885317,1.550584019509389,1.9471658387246793,0.39658181921529034,14,2467,0.9415556273686256,True,d7513f37dfef6ac197df439f23d61891c0289288c4ddd47c86137d9e5c59fbbe,no_git_metadata
RUN_S05_ae9d76afcc57,PHASE5_ANALYZE_AND_EXPORT,D:\models\Qwen2.5-7B-Instruct,INSTRUCT,A,SPIKE_TWO_SIDED_ABS,1e-05,0.95,1.748329744019209,1.5941698217544027,1.8685005606557066,0.2743307389013039,16,2461,0.9740185595961972,True,d7513f37dfef6ac197df439f23d61891c0289288c4ddd47c86137d9e5c59fbbe,no_git_metadata
RUN_S05_ae9d76afcc57,PHASE5_ANALYZE_AND_EXPORT,D:\models\Qwen2.5-7B-Instruct,INSTRUCT,A,SPIKE_TWO_SIDED_ABS,1e-05,1.0,1.823126004396989,1.6623578637323122,1.9130893999560703,0.2507315362237581,14,2453,0.9902275753907026,True,d7513f37dfef6ac197df439f23d61891c0289288c4ddd47c86137d9e5c59fbbe,no_git_metadata
RUN_S05_ae9d76afcc57,PHASE5_ANALYZE_AND_EXPORT,D:\models\Qwen2.5-7B-Instruct,INSTRUCT,A,SPIKE_TWO_SIDED_ABS,1e-05,1.05,1.8132127058152707,1.6461719602922318,1.9284524168546517,0.28228045656241996,14,2442,0.9859710669031465,True,d7513f37dfef6ac197df439f23d61891c0289288c4ddd47c86137d9e5c59fbbe,no_git_metadata
RUN_S05_ae9d76afcc57,PHASE5_ANALYZE_AND_EXPORT,D:\models\Qwen2.5-7B-Instruct,INSTRUCT,A,SPIKE_TWO_SIDED_ABS,1e-05,1.1,1.7687780393749384,1.661690880648466,1.9794679790169112,0.31777709836844514,14,2441,0.9754526775885957,True,d7513f37dfef6ac197df439f23d61891c0289288c4ddd47c86137d9e5c59fbbe,no_git_metadata
RUN_S05_ae9d76afcc57,PHASE5_ANALYZE_AND_EXPORT,D:\models\Qwen2.5-7B-Instruct,INSTRUCT,A,SPIKE_TWO_SIDED_ABS,1e-05,1.15,1.7002717772538558,1.6319796120222954,2.017018961072816,0.38503934905052084,14,2446,0.937542228316757,True,d7513f37dfef6ac197df439f23d61891c0289288c4ddd47c86137d9e5c59fbbe,no_git_metadata
RUN_S05_ae9d76afcc57,PHASE5_ANALYZE_AND_EXPORT,D:\models\Qwen2.5-7B-Instruct,INSTRUCT,A,SPIKE_TWO_SIDED_ABS,1e-05,1.2,1.809313924936251,1.6928111075482202,2.0261243993997615,0.33331329185154135,12,2414,0.9577260110550597,True,d7513f37dfef6ac197df439f23d61891c0289288c4ddd47c86137d9e5c59fbbe,no_git_metadata
RUN_S05_ae9d76afcc57,PHASE5_ANALYZE_AND_EXPORT,D:\models\Qwen2.5-7B-Instruct,INSTRUCT,A,SPIKE_TWO_SIDED_ABS,1e-05,1.3,1.6218197324020185,1.4446024006807634,1.8777879457964444,0.43318554511568097,11,2377,0.989150244873714,True,d7513f37dfef6ac197df439f23d61891c0289288c4ddd47c86137d9e5c59fbbe,no_git_metadata
RUN_S05_ae9d76afcc57,PHASE5_ANALYZE_AND_EXPORT,D:\models\Qwen2.5-7B-Instruct,INSTRUCT,A,SPIKE_TWO_SIDED_ABS,2e-05,0.7,1.7030787319734906,1.6403744899868697,1.8326480445696995,0.1922735545828298,25,4653,0.9257839371637544,True,d7513f37dfef6ac197df439f23d61891c0289288c4ddd47c86137d9e5c59fbbe,no_git_metadata
RUN_S05_ae9d76afcc57,PHASE5_ANALYZE_AND_EXPORT,D:\models\Qwen2.5-7B-Instruct,INSTRUCT,A,SPIKE_TWO_SIDED_ABS,2e-05,0.8,1.7595887382560171,1.704636708772095,1.8581305784010178,0.15349386962892275,25,4568,0.9824080819433958,True,d7513f37dfef6ac197df439f23d61891c0289288c4ddd47c86137d9e5c59fbbe,no_git_metadata
RUN_S05_ae9d76afcc57,PHASE5_ANALYZE_AND_EXPORT,D:\models\Qwen2.5-7B-Instruct,INSTRUCT,A,SPIKE_TWO_SIDED_ABS,2e-05,0.85,1.7603274093941204,1.7186664606590982,1.853523667382936,0.13485720672383783,25,4512,0.9840334072731488,True,d7513f37dfef6ac197df439f23d61891c0289288c4ddd47c86137d9e5c59fbbe,no_git_metadata
RUN_S05_ae9d76afcc57,PHASE5_ANALYZE_AND_EXPORT,D:\models\Qwen2.5-7B-Instruct,INSTRUCT,A,SPIKE_TWO_SIDED_ABS,2e-05,0.9,1.7610155703395631,1.7067129269610102,1.8587886004628795,0.15207567350186935,25,4461,0.9817529612846213,True,d7513f37dfef6ac197df439f23d61891c0289288c4ddd47c86137d9e5c59fbbe,no_git_metadata
RUN_S05_ae9d76afcc57,PHASE5_ANALYZE_AND_EXPORT,D:\models\Qwen2.5-7B-Instruct,INSTRUCT,A,SPIKE_TWO_SIDED_ABS,2e-05,0.95,1.7872663797957156,1.7259108585669714,1.8761950118978994,0.15028415333092804,24,4455,0.9780885658121088,True,d7513f37dfef6ac197df439f23d61891c0289288c4ddd47c86137d9e5c59fbbe,no_git_metadata
RUN_S05_ae9d76afcc57,PHASE5_ANALYZE_AND_EXPORT,D:\models\Qwen2.5-7B-Instruct,INSTRUCT,A,SPIKE_TWO_SIDED_ABS,2e-05,1.0,1.7140549846014763,1.6656219687522913,1.839838073740117,0.1742161049878257,26,4449,0.9704803970064435,True,d7513f37dfef6ac197df439f23d61891c0289288c4ddd47c86137d9e5c59fbbe,no_git_metadata
RUN_S05_ae9d76afcc57,PHASE5_ANALYZE_AND_EXPORT,D:\models\Qwen2.5-7B-Instruct,INSTRUCT,A,SPIKE_TWO_SIDED_ABS,2e-05,1.05,1.6667810937313632,1.625645301315675,1.7993340482799516,0.1736887469642765,26,4414,0.9693824735392026,True,d7513f37dfef6ac197df439f23d61891c0289288c4ddd47c86137d9e5c59fbbe,no_git_metadata
RUN_S05_ae9d76afcc57,PHASE5_ANALYZE_AND_EXPORT,D:\models\Qwen2.5-7B-Instruct,INSTRUCT,A,SPIKE_TWO_SIDED_ABS,2e-05,1.1,1.7010134103600023,1.659050671790191,1.790611351811616,0.13156068002142507,26,4423,0.9790821074443069,True,d7513f37dfef6ac197df439f23d61891c0289288c4ddd47c86137d9e5c59fbbe,no_git_metadata
RUN_S05_ae9d76afcc57,PHASE5_ANALYZE_AND_EXPORT,D:\models\Qwen2.5-7B-Instruct,INSTRUCT,A,SPIKE_TWO_SIDED_ABS,2e-05,1.15,1.687704380773736,1.640739191704762,1.7761034858647278,0.13536429415996576,27,4405,0.9760434622175473,True,d7513f37dfef6ac197df439f23d61891c0289288c4ddd47c86137d9e5c59fbbe,no_git_metadata
RUN_S05_ae9d76afcc57,PHASE5_ANALYZE_AND_EXPORT,D:\models\Qwen2.5-7B-Instruct,INSTRUCT,A,SPIKE_TWO_SIDED_ABS,2e-05,1.2,1.6548608668390907,1.6226112240999935,1.776073434422826,0.15346221032283247,25,4354,0.9781579586920433,True,d7513f37dfef6ac197df439f23d61891c0289288c4ddd47c86137d9e5c59fbbe,no_git_metadata
RUN_S05_ae9d76afcc57,PHASE5_ANALYZE_AND_EXPORT,D:\models\Qwen2.5-7B-Instruct,INSTRUCT,A,SPIKE_TWO_SIDED_ABS,2e-05,1.3,1.6372078173546742,1.6193620609545245,1.7297669565214404,0.1104048955669159,26,4328,0.984353433421139,True,d7513f37dfef6ac197df439f23d61891c0289288c4ddd47c86137d9e5c59fbbe,no_git_metadata
RUN_S05_ae9d76afcc57,PHASE5_ANALYZE_AND_EXPORT,D:\models\Qwen2.5-7B-Instruct,INSTRUCT,A,SPIKE_TWO_SIDED_ABS,4e-05,0.7,1.6458819577819568,1.6050315600216618,1.7173959985271865,0.11236443850552469,46,4868,0.9682685768620881,True,d7513f37dfef6ac197df439f23d61891c0289288c4ddd47c86137d9e5c59fbbe,no_git_metadata
RUN_S05_ae9d76afcc57,PHASE5_ANALYZE_AND_EXPORT,D:\models\Qwen2.5-7B-Instruct,INSTRUCT,A,SPIKE_TWO_SIDED_ABS,4e-05,0.8,1.7128479172172193,1.6728253175807264,1.7696900755984002,0.0968647580176738,41,4791,0.974590919639271,True,d7513f37dfef6ac197df439f23d61891c0289288c4ddd47c86137d9e5c59fbbe,no_git_metadata
RUN_S05_ae9d76afcc57,PHASE5_ANALYZE_AND_EXPORT,D:\models\Qwen2.5-7B-Instruct,INSTRUCT,A,SPIKE_TWO_SIDED_ABS,4e-05,0.85,1.6650584545344975,1.6499788539645301,1.735981505458954,0.08600265149442388,43,4831,0.9765687947042232,True,d7513f37dfef6ac197df439f23d61891c0289288c4ddd47c86137d9e5c59fbbe,no_git_metadata
RUN_S05_ae9d76afcc57,PHASE5_ANALYZE_AND_EXPORT,D:\models\Qwen2.5-7B-Instruct,INSTRUCT,A,SPIKE_TWO_SIDED_ABS,4e-05,0.9,1.6635770245270014,1.6282332382181217,1.7279430106279297,0.09970977240980794,42,4827,0.9804977678743373,True,d7513f37dfef6ac197df439f23d61891c0289288c4ddd47c86137d9e5c59fbbe,no_git_metadata
RUN_S05_ae9d76afcc57,PHASE5_ANALYZE_AND_EXPORT,D:\models\Qwen2.5-7B-Instruct,INSTRUCT,A,SPIKE_TWO_SIDED_ABS,4e-05,0.95,1.641706519576801,1.626340091893463,1.71167655590669,0.08533646401322703,42,4860,0.9764839232601299,True,d7513f37dfef6ac197df439f23d61891c0289288c4ddd47c86137d9e5c59fbbe,no_git_metadata
RUN_S05_ae9d76afcc57,PHASE5_ANALYZE_AND_EXPORT,D:\models\Qwen2.5-7B-Instruct,INSTRUCT,A,SPIKE_TWO_SIDED_ABS,4e-05,1.0,1.6865376228352573,1.6524711930996565,1.744192541888525,0.0917213487888684,42,4846,0.9764723443986891,True,d7513f37dfef6ac197df439f23d61891c0289288c4ddd47c86137d9e5c59fbbe,no_git_metadata
RUN_S05_ae9d76afcc57,PHASE5_ANALYZE_AND_EXPORT,D:\models\Qwen2.5-7B-Instruct,INSTRUCT,A,SPIKE_TWO_SIDED_ABS,4e-05,1.05,1.6599333287352638,1.6361952764179455,1.7209979030689524,0.08480262665100691,46,4865,0.9803648914679007,True,d7513f37dfef6ac197df439f23d61891c0289288c4ddd47c86137d9e5c59fbbe,no_git_metadata
RUN_S05_ae9d76afcc57,PHASE5_ANALYZE_AND_EXPORT,D:\models\Qwen2.5-7B-Instruct,INSTRUCT,A,SPIKE_TWO_SIDED_ABS,4e-05,1.1,1.668868815768663,1.6324835564333344,1.732507105357221,0.10002354892388654,43,4797,0.9770213326692921,True,d7513f37dfef6ac197df439f23d61891c0289288c4ddd47c86137d9e5c59fbbe,no_git_metadata
RUN_S05_ae9d76afcc57,PHASE5_ANALYZE_AND_EXPORT,D:\models\Qwen2.5-7B-Instruct,INSTRUCT,A,SPIKE_TWO_SIDED_ABS,4e-05,1.15,1.6549934787149783,1.6196637296716032,1.7121748952135896,0.09251116554198635,42,4784,0.9758238680238746,True,d7513f37dfef6ac197df439f23d61891c0289288c4ddd47c86137d9e5c59fbbe,no_git_metadata
RUN_S05_ae9d76afcc57,PHASE5_ANALYZE_AND_EXPORT,D:\models\Qwen2.5-7B-Instruct,INSTRUCT,A,SPIKE_TWO_SIDED_ABS,4e-05,1.2,1.657934865826921,1.6298057044430614,1.7249804114744127,0.09517470703135134,42,4848,0.9701341719608804,True,d7513f37dfef6ac197df439f23d61891c0289288c4ddd47c86137d9e5c59fbbe,no_git_metadata
RUN_S05_ae9d76afcc57,PHASE5_ANALYZE_AND_EXPORT,D:\models\Qwen2.5-7B-Instruct,INSTRUCT,A,SPIKE_TWO_SIDED_ABS,4e-05,1.3,1.621539224706036,1.6004424632019987,1.6877992446970564,0.08735678149505777,42,4912,0.9767134950641401,True,d7513f37dfef6ac197df439f23d61891c0289288c4ddd47c86137d9e5c59fbbe,no_git_metadata
RUN_S05_ae9d76afcc57,PHASE5_ANALYZE_AND_EXPORT,D:\models\Qwen2.5-7B-Instruct,INSTRUCT,A,SPIKE_TWO_SIDED_ABS,8e-05,0.7,1.6246070319802979,1.6007453377142926,1.690757462295716,0.09001212458142338,59,2537,0.9529884769020923,True,d7513f37dfef6ac197df439f23d61891c0289288c4ddd47c86137d9e5c59fbbe,no_git_metadata
RUN_S05_ae9d76afcc57,PHASE5_ANALYZE_AND_EXPORT,D:\models\Qwen2.5-7B-Instruct,INSTRUCT,A,SPIKE_TWO_SIDED_ABS,8e-05,0.8,1.6253872312797073,1.6044524155298274,1.686676067637414,0.08222365210758653,60,2540,0.9586063161218747,True,d7513f37dfef6ac197df439f23d61891c0289288c4ddd47c86137d9e5c59fbbe,no_git_metadata
RUN_S05_ae9d76afcc57,PHASE5_ANALYZE_AND_EXPORT,D:\models\Qwen2.5-7B-Instruct,INSTRUCT,A,SPIKE_TWO_SIDED_ABS,8e-05,0.85,1.6253486315102876,1.6072190471822383,1.6828187808661652,0.07559973368392692,60,2543,0.9568085160308606,True,d7513f37dfef6ac197df439f23d61891c0289288c4ddd47c86137d9e5c59fbbe,no_git_metadata
RUN_S05_ae9d76afcc57,PHASE5_ANALYZE_AND_EXPORT,D:\models\Qwen2.5-7B-Instruct,INSTRUCT,A,SPIKE_TWO_SIDED_ABS,8e-05,0.9,1.6048654690981037,1.5827888988261998,1.6661817236741916,0.08339282484799182,61,2611,0.9493115134178348,True,d7513f37dfef6ac197df439f23d61891c0289288c4ddd47c86137d9e5c59fbbe,no_git_metadata
RUN_S05_ae9d76afcc57,PHASE5_ANALYZE_AND_EXPORT,D:\models\Qwen2.5-7B-Instruct,INSTRUCT,A,SPIKE_TWO_SIDED_ABS,8e-05,0.95,1.6356925499873542,1.5951037706291407,1.6900241702966052,0.09492039966746457,57,2609,0.9583597868757869,True,d7513f37dfef6ac197df439f23d61891c0289288c4ddd47c86137d9e5c59fbbe,no_git_metadata
RUN_S05_ae9d76afcc57,PHASE5_ANALYZE_AND_EXPORT,D:\models\Qwen2.5-7B-Instruct,INSTRUCT,A,SPIKE_TWO_SIDED_ABS,8e-05,1.0,1.6390528238868678,1.60695327418542,1.69608589716981,0.08913262298439006,60,2627,0.9530107815575594,True,d7513f37dfef6ac197df439f23d61891c0289288c4ddd47c86137d9e5c59fbbe,no_git_metadata
RUN_S05_ae9d76afcc57,PHASE5_ANALYZE_AND_EXPORT,D:\models\Qwen2.5-7B-Instruct,INSTRUCT,A,SPIKE_TWO_SIDED_ABS,8e-05,1.05,1.661810438875558,1.6271688366839858,1.712279364448566,0.08511052776458028,60,2706,0.9609535522359565,True,d7513f37dfef6ac197df439f23d61891c0289288c4ddd47c86137d9e5c59fbbe,no_git_metadata
RUN_S05_ae9d76afcc57,PHASE5_ANALYZE_AND_EXPORT,D:\models\Qwen2.5-7B-Instruct,INSTRUCT,A,SPIKE_TWO_SIDED_ABS,8e-05,1.1,1.6544176686116117,1.6171133380282758,1.7030073057730268,0.085893967744751,61,2735,0.9572459189534672,True,d7513f37dfef6ac197df439f23d61891c0289288c4ddd47c86137d9e5c59fbbe,no_git_metadata
RUN_S05_ae9d76afcc57,PHASE5_ANALYZE_AND_EXPORT,D:\models\Qwen2.5-7B-Instruct,INSTRUCT,A,SPIKE_TWO_SIDED_ABS,8e-05,1.15,1.645647076306596,1.6120310061653,1.705457821640739,0.09342681547543896,60,2751,0.957534740986401,True,d7513f37dfef6ac197df439f23d61891c0289288c4ddd47c86137d9e5c59fbbe,no_git_metadata
RUN_S05_ae9d76afcc57,PHASE5_ANALYZE_AND_EXPORT,D:\models\Qwen2.5-7B-Instruct,INSTRUCT,A,SPIKE_TWO_SIDED_ABS,8e-05,1.2,1.676383747569499,1.6381904334235262,1.716171253156624,0.07798081973309778,59,2810,0.9669999232084195,True,d7513f37dfef6ac197df439f23d61891c0289288c4ddd47c86137d9e5c59fbbe,no_git_metadata
RUN_S05_ae9d76afcc57,PHASE5_ANALYZE_AND_EXPORT,D:\models\Qwen2.5-7B-Instruct,INSTRUCT,A,SPIKE_TWO_SIDED_ABS,8e-05,1.3,1.6626783660565894,1.6265324752047021,1.7176591896745705,0.09112671446986842,59,2838,0.9614799439424662,True,d7513f37dfef6ac197df439f23d61891c0289288c4ddd47c86137d9e5c59fbbe,no_git_metadata
